id,firstName,lastName,gender,age
1,Adam,Lael,M,21
2,Damian,Indigo,M,13
3,Oscar,Samantha,M,27
4,Ulric,Imani,M,19
5,Barclay,Sigourney,M,19
6,Herrod,Clementine,M,25
7,Jeremy,Mira,M,15
8,Chancellor,Kristen,M,10
9,Tyrone,Inez,M,21
10,Jerry,Jael,M,12
11,Lev,Ayanna,M,19
12,Nehru,Wendy,M,17
13,Wang,McKenzie,M,25
14,Benjamin,Shaeleigh,M,20
15,Merritt,Maxine,M,10
16,Garrett,Jolene,M,23
17,Stewart,Winifred,M,30
18,Colton,Jayme,M,30
19,Stuart,Megan,M,34
20,Conan,Brooke,M,14
21,Ryder,Lynn,M,8
22,Kibo,Uma,M,19
23,Camden,Aurelia,M,32
24,Lester,Tasha,M,22
25,Neil,Ayanna,M,25
26,James,Lucy,M,13
27,Camden,TaShya,M,31
28,Colt,Kiayada,M,31
29,Warren,Dahlia,M,21
30,Felix,Iola,M,12
31,Josiah,Kylie,M,21
32,Elmo,Ivory,M,11
33,Guy,Jaime,M,8
34,Carson,Mary,M,21
35,Emery,Frances,M,27
36,Wang,Willow,M,20
37,Erasmus,Maite,M,20
38,Leroy,Beatrice,M,29
39,Lionel,Desirae,M,24
40,Drake,Olivia,M,20
41,Jacob,Iola,M,18
42,Carlos,Quail,M,12
43,Eric,Whitney,M,9
44,Hop,Eve,M,14
45,Chase,Phyllis,M,20
46,Justin,Alexandra,M,5
47,Garth,Aline,M,13
48,Dominic,Erin,M,30
49,Daniel,Fay,M,33
50,Finn,Teagan,M,23
51,Jason,McKenzie,M,12
52,Abel,Lillian,M,31
53,Todd,Aubrey,M,25
54,Burton,Carissa,M,26
55,Merritt,Tana,M,24
56,Zahir,Ann,M,10
57,Tucker,Myra,M,25
58,Ulysses,Heidi,M,6
59,Owen,Sydnee,M,18
60,Nolan,Pearl,M,23
61,Wade,Justine,M,33
62,Merritt,Libby,M,12
63,Patrick,Deanna,M,14
64,Adrian,Gretchen,M,8
65,Isaac,Ima,M,23
66,Avram,Yetta,M,27
67,Herman,Whoopi,M,6
68,Rudyard,Daryl,M,23
69,Quinlan,Mikayla,M,19
70,Salvador,Shoshana,M,25
71,Gary,Chastity,M,19
72,Slade,McKenzie,M,33
73,Kieran,Isadora,M,12
74,Armando,Justina,M,5
75,Tyrone,Halla,M,7
76,Xanthus,Zoe,M,29
77,Stuart,Cathleen,M,14
78,Alfonso,Evelyn,M,20
79,Dexter,Adria,M,29
80,Baxter,Brooke,M,14
81,Vernon,Ifeoma,M,26
82,Erich,Ariel,M,33
83,Chancellor,Jamalia,M,34
84,Thaddeus,Victoria,M,17
85,Myles,Carly,M,8
86,Porter,Freya,M,31
87,Joshua,Sarah,M,14
88,Wylie,Lee,M,32
89,Berk,Deanna,M,18
90,Dorian,Hope,M,11
91,Adam,Zia,M,26
92,Ezra,Zena,M,9
93,Gary,Quin,M,16
94,Nehru,Erin,M,33
95,Tanek,Irene,M,16
96,Basil,Julie,M,22
97,Garrison,Amaya,M,8
98,Jamal,Danielle,M,15
99,Ferris,Fleur,M,19
100,Cooper,Oprah,M,21
101,Amery,Quail,M,19
102,Abbot,Cherokee,M,16
103,James,Phyllis,M,9
104,Derek,Celeste,M,18
105,Connor,Clare,M,21
106,Forrest,Lois,M,15
107,Damon,Lilah,M,6
108,Kasimir,Ginger,M,35
109,Cody,Ingrid,M,23
110,Walker,Meredith,M,10
111,Chaney,Casey,M,21
112,Ulysses,Haviva,M,17
113,Derek,Nina,M,33
114,Ulric,Hillary,M,5
115,Walter,Sierra,M,10
116,Jesse,Odessa,M,10
117,Silas,Amelia,M,24
118,Yardley,Amanda,M,10
119,Orlando,Chantale,M,19
120,Cairo,Kerry,M,14
121,Dylan,Gemma,M,17
122,Adam,Alexa,M,19
123,Colton,Kylan,M,5
124,Connor,Macy,M,17
125,Oliver,Rose,M,35
126,Tyrone,TaShya,M,32
127,Drew,Keelie,M,16
128,Erasmus,Karly,M,14
129,Hyatt,Juliet,M,10
130,Hunter,Odette,M,17
131,Clinton,Cassidy,M,34
132,Wayne,Isabella,M,17
133,Harper,Erin,M,24
134,Blaze,Nora,M,11
135,Deacon,Petra,M,22
136,Rafael,Suki,M,35
137,Price,Raven,M,21
138,Hyatt,Skyler,M,10
139,Valentine,Harriet,M,13
140,Bernard,Justine,M,11
141,Flynn,Ruth,M,5
142,Porter,Cassady,M,11
143,Omar,Carolyn,M,21
144,Bruce,Tatyana,M,17
145,Hayes,Shea,M,33
146,Derek,Yetta,M,11
147,Chancellor,Gail,M,18
148,Hashim,Christen,M,14
149,Drake,Pearl,M,16
150,Ignatius,Mira,M,17
151,Jesse,Moana,M,25
152,Quinn,Mira,M,28
153,Jesse,Nayda,M,22
154,Ryder,Macy,M,24
155,Akeem,Sheila,M,6
156,Kamal,Hillary,M,20
157,Ashton,Lois,M,23
158,Igor,Courtney,M,30
159,Flynn,Cassady,M,32
160,Nasim,Tallulah,M,32
161,Brody,Kiona,M,23
162,Jared,Lillith,M,27
163,Zane,Diana,M,16
164,Bruce,Risa,M,10
165,Leonard,Grace,M,11
166,Colt,Ruby,M,30
167,Bevis,Maia,M,24
168,Dorian,Fatima,M,35
169,Keefe,Regina,M,32
170,Kibo,Willa,M,33
171,Bruce,Heidi,M,28
172,Trevor,Cleo,M,5
173,Plato,Blair,M,14
174,Kevin,Mariam,M,34
175,Brennan,Shannon,M,28
176,Dorian,Morgan,M,33
177,Samson,Adria,M,11
178,Silas,Echo,M,35
179,Thane,Sopoline,M,21
180,Wylie,Whitney,M,30
181,Brock,Zena,M,13
182,Garrett,India,M,14
183,Myles,Ashely,M,29
184,Kermit,Geraldine,M,17
185,Chester,Kirby,M,16
186,Lucian,Fiona,M,30
187,Jonah,Illana,M,31
188,Bert,Chloe,M,8
189,Allistair,Aubrey,M,12
190,Noah,Odette,M,25
191,Zephania,Frances,M,20
192,Tarik,Eliana,M,14
193,Plato,Kevyn,M,30
194,Ian,Isadora,M,16
195,Ross,McKenzie,M,17
196,Harrison,Mikayla,M,30
197,Eagan,Amena,M,34
198,Garrett,Kirby,M,9
199,Jonah,Emma,M,19
200,Leonard,Emerald,M,5
